ID Race,Race,ID Ethnicity,Ethnicity,ID Year,Year,Hispanic Population Moe,Geography,ID Geography,Slug Geography,Population,share
0,"White Alone",0,"Not Hispanic or Latino",2021,"2021",5853,"Chicago, IL","16000US1714000","chicago-il",907499,0.33094807336953647
0,"White Alone",1,"Hispanic or Latino",2021,"2021",7565.999999999999,"Chicago, IL","16000US1714000","chicago-il",335369,0.12230286140025287
1,"Black or African American Alone",0,"Not Hispanic or Latino",2021,"2021",5737,"Chicago, IL","16000US1714000","chicago-il",788673,0.2876144324881597
1,"Black or African American Alone",1,"Hispanic or Latino",2021,"2021",1211,"Chicago, IL","16000US1714000","chicago-il",12680,0.004624161095853244
2,"American Indian & Alaska Native Alone",0,"Not Hispanic or Latino",2021,"2021",417,"Chicago, IL","16000US1714000","chicago-il",1730,0.0006308989507749299
2,"American Indian & Alaska Native Alone",1,"Hispanic or Latino",2021,"2021",1735.0000000000002,"Chicago, IL","16000US1714000","chicago-il",11659,0.004251821310453704
3,"Asian Alone",0,"Not Hispanic or Latino",2021,"2021",4273,"Chicago, IL","16000US1714000","chicago-il",185202,0.06753973842856564
3,"Asian Alone",1,"Hispanic or Latino",2021,"2021",527,"Chicago, IL","16000US1714000","chicago-il",2555,0.0009317611671849399
4,"Native Hawaiian & Other Pacific Islander Alone",0,"Not Hispanic or Latino",2021,"2021",209,"Chicago, IL","16000US1714000","chicago-il",494,0.0001801526483715696
4,"Native Hawaiian & Other Pacific Islander Alone",1,"Hispanic or Latino",2021,"2021",244.99999999999997,"Chicago, IL","16000US1714000","chicago-il",559,0.000203856944209934
5,"Some Other Race Alone",0,"Not Hispanic or Latino",2021,"2021",1201,"Chicago, IL","16000US1714000","chicago-il",9051,0.003300732025123636
5,"Some Other Race Alone",1,"Hispanic or Latino",2021,"2021",7734,"Chicago, IL","16000US1714000","chicago-il",283670,0.10344919385336669
6,"Two or More Races",0,"Not Hispanic or Latino",2021,"2021",2966.370509562148,"Chicago, IL","16000US1714000","chicago-il",61675,0.02249172993586347
6,"Two or More Races",1,"Hispanic or Latino",2021,"2021",6505.275551427472,"Chicago, IL","16000US1714000","chicago-il",141303,0.05153058638228319
0,"White Alone",0,"Not Hispanic or Latino",2020,"2020",5860,"Chicago, IL","16000US1714000","chicago-il",900055,0.33343434541761396
0,"White Alone",1,"Hispanic or Latino",2020,"2020",6674,"Chicago, IL","16000US1714000","chicago-il",388386,0.14388146466534313
1,"Black or African American Alone",0,"Not Hispanic or Latino",2020,"2020",4754,"Chicago, IL","16000US1714000","chicago-il",776470,0.2876510504207129
1,"Black or African American Alone",1,"Hispanic or Latino",2020,"2020",1229,"Chicago, IL","16000US1714000","chicago-il",12262,0.00454258011289397
2,"American Indian & Alaska Native Alone",0,"Not Hispanic or Latino",2020,"2020",504.00000000000006,"Chicago, IL","16000US1714000","chicago-il",2345,0.0008687286221445409
2,"American Indian & Alaska Native Alone",1,"Hispanic or Latino",2020,"2020",1179,"Chicago, IL","16000US1714000","chicago-il",6899,0.0025558033109489074
3,"Asian Alone",0,"Not Hispanic or Latino",2020,"2020",4570,"Chicago, IL","16000US1714000","chicago-il",182251,0.0675166994091534
3,"Asian Alone",1,"Hispanic or Latino",2020,"2020",465,"Chicago, IL","16000US1714000","chicago-il",2449,0.0009072564586916762
4,"Native Hawaiian & Other Pacific Islander Alone",0,"Not Hispanic or Latino",2020,"2020",166,"Chicago, IL","16000US1714000","chicago-il",472,0.0001748571043293063
4,"Native Hawaiian & Other Pacific Islander Alone",1,"Hispanic or Latino",2020,"2020",173,"Chicago, IL","16000US1714000","chicago-il",498,0.00018448906346609013
5,"Some Other Race Alone",0,"Not Hispanic or Latino",2020,"2020",1101,"Chicago, IL","16000US1714000","chicago-il",6854,0.0025391326124429353
5,"Some Other Race Alone",1,"Hispanic or Latino",2020,"2020",7171,"Chicago, IL","16000US1714000","chicago-il",277837,0.10292748579563872
6,"Two or More Races",0,"Not Hispanic or Latino",2020,"2020",2951.2026362145994,"Chicago, IL","16000US1714000","chicago-il",58109,0.021527058210745045
6,"Two or More Races",1,"Hispanic or Latino",2020,"2020",4915.640853439153,"Chicago, IL","16000US1714000","chicago-il",84460,0.03128904879587545
0,"White Alone",0,"Not Hispanic or Latino",2019,"2019",4468,"Chicago, IL","16000US1714000","chicago-il",901769,0.3328133177144114
0,"White Alone",1,"Hispanic or Latino",2019,"2019",6245,"Chicago, IL","16000US1714000","chicago-il",452821,0.16712135739946427
1,"Black or African American Alone",0,"Not Hispanic or Latino",2019,"2019",4690,"Chicago, IL","16000US1714000","chicago-il",790893,0.2918926280312408
1,"Black or African American Alone",1,"Hispanic or Latino",2019,"2019",1074,"Chicago, IL","16000US1714000","chicago-il",11567,0.004268999761582619
2,"American Indian & Alaska Native Alone",0,"Not Hispanic or Latino",2019,"2019",505,"Chicago, IL","16000US1714000","chicago-il",2718,0.0010031245225193704
2,"American Indian & Alaska Native Alone",1,"Hispanic or Latino",2019,"2019",813,"Chicago, IL","16000US1714000","chicago-il",5777,0.0021321009442952185
3,"Asian Alone",0,"Not Hispanic or Latino",2019,"2019",3532,"Chicago, IL","16000US1714000","chicago-il",177195,0.0653968542192126
3,"Asian Alone",1,"Hispanic or Latino",2019,"2019",438,"Chicago, IL","16000US1714000","chicago-il",2335,0.0008617718028266115
4,"Native Hawaiian & Other Pacific Islander Alone",0,"Not Hispanic or Latino",2019,"2019",139,"Chicago, IL","16000US1714000","chicago-il",448,0.00016534208465367108
4,"Native Hawaiian & Other Pacific Islander Alone",1,"Hispanic or Latino",2019,"2019",150,"Chicago, IL","16000US1714000","chicago-il",368,0.00013581671239408695
5,"Some Other Race Alone",0,"Not Hispanic or Latino",2019,"2019",898.9999999999999,"Chicago, IL","16000US1714000","chicago-il",5865,0.002164578853780761
5,"Some Other Race Alone",1,"Hispanic or Latino",2019,"2019",6091,"Chicago, IL","16000US1714000","chicago-il",280688,0.10359272110997685
6,"Two or More Races",0,"Not Hispanic or Latino",2019,"2019",2397.6359189835307,"Chicago, IL","16000US1714000","chicago-il",50479,0.018630140828644334
6,"Two or More Races",1,"Hispanic or Latino",2019,"2019",1677.5184052641569,"Chicago, IL","16000US1714000","chicago-il",26611,0.009821246014997414
0,"White Alone",0,"Not Hispanic or Latino",2018,"2018",4010,"Chicago, IL","16000US1714000","chicago-il",892323,0.3282343009429642
0,"White Alone",1,"Hispanic or Latino",2018,"2018",6661,"Chicago, IL","16000US1714000","chicago-il",451765,0.16617835578092038
1,"Black or African American Alone",0,"Not Hispanic or Latino",2018,"2018",4449,"Chicago, IL","16000US1714000","chicago-il",808165,0.2972774139202628
1,"Black or African American Alone",1,"Hispanic or Latino",2018,"2018",1124,"Chicago, IL","16000US1714000","chicago-il",10710,0.003939592908732764
2,"American Indian & Alaska Native Alone",0,"Not Hispanic or Latino",2018,"2018",463.99999999999994,"Chicago, IL","16000US1714000","chicago-il",3160,0.0011623822214374916
2,"American Indian & Alaska Native Alone",1,"Hispanic or Latino",2018,"2018",808,"Chicago, IL","16000US1714000","chicago-il",4998,0.0018384766907419566
3,"Asian Alone",0,"Not Hispanic or Latino",2018,"2018",3313,"Chicago, IL","16000US1714000","chicago-il",172991,0.06363343761667503
3,"Asian Alone",1,"Hispanic or Latino",2018,"2018",472,"Chicago, IL","16000US1714000","chicago-il",2118,0.0007790903623432302
4,"Native Hawaiian & Other Pacific Islander Alone",0,"Not Hispanic or Latino",2018,"2018",130,"Chicago, IL","16000US1714000","chicago-il",400,0.00014713699005537869
4,"Native Hawaiian & Other Pacific Islander Alone",1,"Hispanic or Latino",2018,"2018",157,"Chicago, IL","16000US1714000","chicago-il",341,0.00012543428402221032
5,"Some Other Race Alone",0,"Not Hispanic or Latino",2018,"2018",698,"Chicago, IL","16000US1714000","chicago-il",5426,0.001995913270101212
5,"Some Other Race Alone",1,"Hispanic or Latino",2018,"2018",6779,"Chicago, IL","16000US1714000","chicago-il",292058,0.10743133760398448
6,"Two or More Races",0,"Not Hispanic or Latino",2018,"2018",2131.4638162539845,"Chicago, IL","16000US1714000","chicago-il",47950,0.01763804668288852
6,"Two or More Races",1,"Hispanic or Latino",2018,"2018",1745.8376213153388,"Chicago, IL","16000US1714000","chicago-il",26150,0.009619080724870381
0,"White Alone",0,"Not Hispanic or Latino",2017,"2017",5039,"Chicago, IL","16000US1714000","chicago-il",890322,0.3270133615613979
0,"White Alone",1,"Hispanic or Latino",2017,"2017",6287,"Chicago, IL","16000US1714000","chicago-il",447589,0.1643984799745536
1,"Black or African American Alone",0,"Not Hispanic or Latino",2017,"2017",3938,"Chicago, IL","16000US1714000","chicago-il",820180,0.30125035536067546
1,"Black or African American Alone",1,"Hispanic or Latino",2017,"2017",1146,"Chicago, IL","16000US1714000","chicago-il",10446,0.0038367934015674805
2,"American Indian & Alaska Native Alone",0,"Not Hispanic or Latino",2017,"2017",576,"Chicago, IL","16000US1714000","chicago-il",3354,0.0012319170083148888
2,"American Indian & Alaska Native Alone",1,"Hispanic or Latino",2017,"2017",714,"Chicago, IL","16000US1714000","chicago-il",4369,0.001604724331940295
3,"Asian Alone",0,"Not Hispanic or Latino",2017,"2017",3335,"Chicago, IL","16000US1714000","chicago-il",167575,0.06154993818377087
3,"Asian Alone",1,"Hispanic or Latino",2017,"2017",431,"Chicago, IL","16000US1714000","chicago-il",1883,0.0006916218624498914
4,"Native Hawaiian & Other Pacific Islander Alone",0,"Not Hispanic or Latino",2017,"2017",145,"Chicago, IL","16000US1714000","chicago-il",442,0.00016234565225855125
4,"Native Hawaiian & Other Pacific Islander Alone",1,"Hispanic or Latino",2017,"2017",171,"Chicago, IL","16000US1714000","chicago-il",399,0.0001465518444596424
5,"Some Other Race Alone",0,"Not Hispanic or Latino",2017,"2017",806,"Chicago, IL","16000US1714000","chicago-il",4983,0.0018302452153944816
5,"Some Other Race Alone",1,"Hispanic or Latino",2017,"2017",6171,"Chicago, IL","16000US1714000","chicago-il",299544,0.11002186891433365
6,"Two or More Races",0,"Not Hispanic or Latino",2017,"2017",2059.742216880549,"Chicago, IL","16000US1714000","chicago-il",46017,0.01690194542982297
6,"Two or More Races",1,"Hispanic or Latino",2017,"2017",1815.1112913537836,"Chicago, IL","16000US1714000","chicago-il",25483,0.00935985125906032
0,"White Alone",0,"Not Hispanic or Latino",2016,"2016",5241,"Chicago, IL","16000US1714000","chicago-il",877749,0.32341322843593096
0,"White Alone",1,"Hispanic or Latino",2016,"2016",6638,"Chicago, IL","16000US1714000","chicago-il",443575,0.16343854883738754
1,"Black or African American Alone",0,"Not Hispanic or Latino",2016,"2016",4148,"Chicago, IL","16000US1714000","chicago-il",829781,0.3057390576403906
1,"Black or African American Alone",1,"Hispanic or Latino",2016,"2016",1026,"Chicago, IL","16000US1714000","chicago-il",10136,0.003734685523340495
2,"American Indian & Alaska Native Alone",0,"Not Hispanic or Latino",2016,"2016",540,"Chicago, IL","16000US1714000","chicago-il",3281,0.001208909155690624
2,"American Indian & Alaska Native Alone",1,"Hispanic or Latino",2016,"2016",893.9999999999999,"Chicago, IL","16000US1714000","chicago-il",4537,0.0016716918132789883
3,"Asian Alone",0,"Not Hispanic or Latino",2016,"2016",3132,"Chicago, IL","16000US1714000","chicago-il",163510,0.06024649071837059
3,"Asian Alone",1,"Hispanic or Latino",2016,"2016",312,"Chicago, IL","16000US1714000","chicago-il",1719,0.0006333784939445848
4,"Native Hawaiian & Other Pacific Islander Alone",0,"Not Hispanic or Latino",2016,"2016",159,"Chicago, IL","16000US1714000","chicago-il",488,0.00017980727460439636
4,"Native Hawaiian & Other Pacific Islander Alone",1,"Hispanic or Latino",2016,"2016",181,"Chicago, IL","16000US1714000","chicago-il",418,0.00015401524750950345
5,"Some Other Race Alone",0,"Not Hispanic or Latino",2016,"2016",757,"Chicago, IL","16000US1714000","chicago-il",4577,0.00168643011447607
5,"Some Other Race Alone",1,"Hispanic or Latino",2016,"2016",5191,"Chicago, IL","16000US1714000","chicago-il",305889,0.11270710537185287
6,"Two or More Races",0,"Not Hispanic or Latino",2016,"2016",2063.2801554805883,"Chicago, IL","16000US1714000","chicago-il",44083,0.01624271329177378
6,"Two or More Races",1,"Hispanic or Latino",2016,"2016",1753.598870893797,"Chicago, IL","16000US1714000","chicago-il",24274,0.008943938081449011
0,"White Alone",0,"Not Hispanic or Latino",2015,"2015",4301,"Chicago, IL","16000US1714000","chicago-il",875333,0.322105629589179
0,"White Alone",1,"Hispanic or Latino",2015,"2015",5889,"Chicago, IL","16000US1714000","chicago-il",448211,0.1649329870389846
1,"Black or African American Alone",0,"Not Hispanic or Latino",2015,"2015",4247,"Chicago, IL","16000US1714000","chicago-il",840208,0.3091803083236493
1,"Black or African American Alone",1,"Hispanic or Latino",2015,"2015",1083,"Chicago, IL","16000US1714000","chicago-il",10613,0.0039053789207421138
2,"American Indian & Alaska Native Alone",0,"Not Hispanic or Latino",2015,"2015",527,"Chicago, IL","16000US1714000","chicago-il",3493,0.0012853565033592955
2,"American Indian & Alaska Native Alone",1,"Hispanic or Latino",2015,"2015",820,"Chicago, IL","16000US1714000","chicago-il",4092,0.0015057769286419232
3,"Asian Alone",0,"Not Hispanic or Latino",2015,"2015",2644,"Chicago, IL","16000US1714000","chicago-il",160316,0.05899319014959886
3,"Asian Alone",1,"Hispanic or Latino",2015,"2015",368,"Chicago, IL","16000US1714000","chicago-il",1686,0.0006204154207454258
4,"Native Hawaiian & Other Pacific Islander Alone",0,"Not Hispanic or Latino",2015,"2015",137,"Chicago, IL","16000US1714000","chicago-il",419,0.00015418390349485967
4,"Native Hawaiian & Other Pacific Islander Alone",1,"Hispanic or Latino",2015,"2015",158,"Chicago, IL","16000US1714000","chicago-il",279,0.00010266660877104022
5,"Some Other Race Alone",0,"Not Hispanic or Latino",2015,"2015",711,"Chicago, IL","16000US1714000","chicago-il",4228,0.0015558223006593478
5,"Some Other Race Alone",1,"Hispanic or Latino",2015,"2015",6228,"Chicago, IL","16000US1714000","chicago-il",302716,0.11139363849725523
6,"Two or More Races",0,"Not Hispanic or Latino",2015,"2015",1989.801246356027,"Chicago, IL","16000US1714000","chicago-il",42888,0.015781955257965493
6,"Two or More Races",1,"Hispanic or Latino",2015,"2015",1621.3158236444865,"Chicago, IL","16000US1714000","chicago-il",23052,0.008482690556953474
0,"White Alone",0,"Not Hispanic or Latino",2014,"2014",4319,"Chicago, IL","16000US1714000","chicago-il",872513,0.32165097205346294
0,"White Alone",1,"Hispanic or Latino",2014,"2014",7445.999999999999,"Chicago, IL","16000US1714000","chicago-il",440241,0.16229436763439464
1,"Black or African American Alone",0,"Not Hispanic or Latino",2014,"2014",3755,"Chicago, IL","16000US1714000","chicago-il",853214,0.3145364166145643
1,"Black or African American Alone",1,"Hispanic or Latino",2014,"2014",1152,"Chicago, IL","16000US1714000","chicago-il",10810,0.003985094787009402
2,"American Indian & Alaska Native Alone",0,"Not Hispanic or Latino",2014,"2014",518,"Chicago, IL","16000US1714000","chicago-il",3437,0.001267046325897439
2,"American Indian & Alaska Native Alone",1,"Hispanic or Latino",2014,"2014",683,"Chicago, IL","16000US1714000","chicago-il",3815,0.0014063956163220045
3,"Asian Alone",0,"Not Hispanic or Latino",2014,"2014",2942,"Chicago, IL","16000US1714000","chicago-il",154287,0.05687773537496019
3,"Asian Alone",1,"Hispanic or Latino",2014,"2014",369,"Chicago, IL","16000US1714000","chicago-il",1597,0.0005887323195979663
4,"Native Hawaiian & Other Pacific Islander Alone",0,"Not Hispanic or Latino",2014,"2014",162,"Chicago, IL","16000US1714000","chicago-il",417,0.00015372659816678268
4,"Native Hawaiian & Other Pacific Islander Alone",1,"Hispanic or Latino",2014,"2014",127,"Chicago, IL","16000US1714000","chicago-il",310,0.00011428116410480246
5,"Some Other Race Alone",0,"Not Hispanic or Latino",2014,"2014",706,"Chicago, IL","16000US1714000","chicago-il",4247,0.0015656519482357936
5,"Some Other Race Alone",1,"Hispanic or Latino",2014,"2014",7864.999999999999,"Chicago, IL","16000US1714000","chicago-il",307174,0.11323936226686643
6,"Two or More Races",0,"Not Hispanic or Latino",2014,"2014",1753.769084001654,"Chicago, IL","16000US1714000","chicago-il",39201,0.014451406174426973
6,"Two or More Races",1,"Hispanic or Latino",2014,"2014",1511.9689150243796,"Chicago, IL","16000US1714000","chicago-il",21345,0.00786881112199035
0,"White Alone",0,"Not Hispanic or Latino",2013,"2013",5402,"Chicago, IL","16000US1714000","chicago-il",870611,0.32172154697847566
0,"White Alone",1,"Hispanic or Latino",2013,"2013",6959.999999999999,"Chicago, IL","16000US1714000","chicago-il",423933,0.15665823263802792
1,"Black or African American Alone",0,"Not Hispanic or Latino",2013,"2013",4044,"Chicago, IL","16000US1714000","chicago-il",862567,0.3187490045641312
1,"Black or African American Alone",1,"Hispanic or Latino",2013,"2013",1372,"Chicago, IL","16000US1714000","chicago-il",10826,0.004000589778430295
2,"American Indian & Alaska Native Alone",0,"Not Hispanic or Latino",2013,"2013",448,"Chicago, IL","16000US1714000","chicago-il",3473,0.0012833962959992993
2,"American Indian & Alaska Native Alone",1,"Hispanic or Latino",2013,"2013",633,"Chicago, IL","16000US1714000","chicago-il",3707,0.0013698675696139945
3,"Asian Alone",0,"Not Hispanic or Latino",2013,"2013",3381,"Chicago, IL","16000US1714000","chicago-il",152952,0.05652117197399506
3,"Asian Alone",1,"Hispanic or Latino",2013,"2013",406,"Chicago, IL","16000US1714000","chicago-il",1554,0.0005742579452873341
4,"Native Hawaiian & Other Pacific Islander Alone",0,"Not Hispanic or Latino",2013,"2013",206,"Chicago, IL","16000US1714000","chicago-il",488,0.00018033325437594533
4,"Native Hawaiian & Other Pacific Islander Alone",1,"Hispanic or Latino",2013,"2013",115.99999999999999,"Chicago, IL","16000US1714000","chicago-il",214,0.00007908056646813995
5,"Some Other Race Alone",0,"Not Hispanic or Latino",2013,"2013",704,"Chicago, IL","16000US1714000","chicago-il",4195,0.0015502008239899397
5,"Some Other Race Alone",1,"Hispanic or Latino",2013,"2013",6713,"Chicago, IL","16000US1714000","chicago-il",315930,0.11674730544055821
6,"Two or More Races",0,"Not Hispanic or Latino",2013,"2013",1948.185309461089,"Chicago, IL","16000US1714000","chicago-il",36067,0.013328031732740204
6,"Two or More Races",1,"Hispanic or Latino",2013,"2013",1596.8969910423152,"Chicago, IL","16000US1714000","chicago-il",19584,0.0072369804379067895